Workbook

Sheet UAT Tracker
A1: Web Store UAT (sample data)
A2: Worksheet | B2: Total | C2: Pass | D2: Fail | E2: Needs Discussion | F2: Pending | G2: Retest | H2: N/A | I2: Not Run
A3: All | B3: =SUM(B4:B7)
A4: Home Page | B4: =COUNTA('Home Page'!B3:B200)-COUNTIF('Home Page'!B3:B200,"* *") | C4: =COUNTIF('Home Page'!H3:H200,"Pass") | D4: =COUNTIF('Home Page'!H3:H200,"Fail") | E4: =COUNTIF('Home Page'!H3:H200,"Needs Discussion") | F4: =COUNTIF('Home Page'!H3:H200,"Pending") | G4: =COUNTIF('Home Page'!H3:H200,"Retest") | H4: =COUNTIF('Home Page'!H3:H200,"N/A") | I4: =B4-SUM(C4:H4)
A5: Search | B5: =COUNTA('Search'!B3:B200)-COUNTIF('Search'!B3:B200,"* *") | C5: =COUNTIF('Search'!H3:H200,"Pass") | D5: =COUNTIF('Search'!H3:H200,"Fail") | E5: =COUNTIF('Search'!H3:H200,"Needs Discussion") | F5: =COUNTIF('Search'!H3:H200,"Pending") | G5: =COUNTIF('Search'!H3:H200,"Retest") | H5: =COUNTIF('Search'!H3:H200,"N/A") | I5: =B5-SUM(C5:H5)
A6: Cart and Checkout | B6: =COUNTA('Cart and Checkout'!B3:B200)-COUNTIF('Cart and Checkout'!B3:B200,"* *") | C6: =COUNTIF('Cart and Checkout'!H3:H200,"Pass") | D6: =COUNTIF('Cart and Checkout'!H3:H200,"Fail") | E6: =COUNTIF('Cart and Checkout'!H3:H200,"Needs Discussion") | F6: =COUNTIF('Cart and Checkout'!H3:H200,"Pending") | G6: =COUNTIF('Cart and Checkout'!H3:H200,"Retest") | H6: =COUNTIF('Cart and Checkout'!H3:H200,"N/A") | I6: =B6-SUM(C6:H6)
A7: My Account | B7: =COUNTA('My Account'!B3:B200)-COUNTIF('My Account'!B3:B200,"* *") | C7: =COUNTIF('My Account'!H3:H200,"Pass") | D7: =COUNTIF('My Account'!H3:H200,"Fail") | E7: =COUNTIF('My Account'!H3:H200,"Needs Discussion") | F7: =COUNTIF('My Account'!H3:H200,"Pending") | G7: =COUNTIF('My Account'!H3:H200,"Retest") | H7: =COUNTIF('My Account'!H3:H200,"N/A") | I7: =B7-SUM(C7:H7)

Sheet Home Page
B1: Web Store UAT – Home Page (sample data)
B2: No. | C2: Scenario | D2: Step Name | E2: Step Instructions | F2: Notes / Prerequisites | G2: Expected Results | H2: Results (Pass / Fail / N/A) | I2: Role | J2: Actual Results & Date | K2: Comments
B3: 1 Hero Banner
B4: 1.1 | C4: Hero Banner | D4: Banner rotates through slides | E4: Open the home page. Wait 10 seconds. | F4: - Use the sample web store in the test environment. | G4: Slides change automatically and arrows work. | I4: Guest visitor
B5: 2 Featured Products
B6: 2.1 | C6: Featured Products | D6: Featured products show prices | E6: Scroll to Featured Products. | F6: - Use the sample web store in the test environment. | G6: Each product shows image, name and price. | I6: Signed-in customer
B7: 2.2 | C7: Featured Products | D7: Guest sees no prices | E7: Sign out and open the home page. | F7: - Use the sample web store in the test environment. | G7: Prices are replaced by "Sign in for pricing". | I7: Guest visitor

Sheet Search
B1: Web Store UAT – Search (sample data)
B2: No. | C2: Scenario | D2: Step Name | E2: Step Instructions | F2: Notes / Prerequisites | G2: Expected Results | H2: Results (Pass / Fail / N/A) | I2: Role | J2: Actual Results & Date | K2: Comments
B3: 1 Keyword Search
B4: 1.1 | C4: Keyword Search | D4: Search by item name | E4: Type "Sample Lamp" in search and press Enter. | F4: - Use the sample web store in the test environment. | G4: Matching items are listed first.
B5: 1.2 | C5: Keyword Search | D5: No results message | E5: Search for "zzzz". | F5: - Use the sample web store in the test environment. | G5: A friendly no-results message appears.

Sheet Cart and Checkout
B1: Web Store UAT – Cart and Checkout (sample data)
B2: No. | C2: Scenario | D2: Step Name | E2: Step Instructions | F2: Notes / Prerequisites | G2: Expected Results | H2: Results (Pass / Fail / N/A) | I2: Role | J2: Actual Results & Date | K2: Comments
B3: 1 Cart
B4: 1.1 | C4: Cart | D4: Add an item to the cart | E4: Open a product page. Click Add to Cart. | F4: - Use the sample web store in the test environment. | G4: Cart count increases by one. | I4: Signed-in customer
B5: 2 Checkout
B6: 2.1 | C6: Checkout | D6: Place an order on account | E6: Go to checkout. Choose Pay on Account. Submit. | F6: - Use the sample web store in the test environment. | G6: Order confirmation page shows the order number. | I6: Customer with terms
B7: 2.2 | C7: Checkout | D7: Card payment is hidden for account customers | E7: Go to checkout as an account customer. | F7: - Use the sample web store in the test environment. | G7: Credit card option is not shown. | I7: Customer with terms

Sheet My Account
B1: Web Store UAT – My Account (sample data)
B2: No. | C2: Scenario | D2: Step Name | E2: Step Instructions | F2: Notes / Prerequisites | G2: Expected Results | H2: Results (Pass / Fail / N/A) | I2: Role | J2: Actual Results & Date | K2: Comments
B3: 1 Order History
B4: 1.1 | C4: Order History | D4: View past orders | E4: Open My Account > Orders. | F4: - Use the sample web store in the test environment. | G4: Orders list shows the last 12 months. | I4: Signed-in customer
B5: 2 Invoices
B6: 2.1 | C6: Invoices | D6: Download an invoice PDF | E6: Open My Account > Invoices. Click Download. | F6: - Use the sample web store in the test environment. | G6: Invoice PDF downloads. | I6: Signed-in customer
